component_id,frequency_hz,amplitude,phase_origin_rad,component_snr_db,condition_design,condition_normal,ill_conditioned
1,3.999998184386351,0.019102921784865275,1.3715422272598201,-17.377862441447455,1.0001498323481384,1.0002996871460093,False
2,7.99992873321618,0.024889355670382755,-2.9892360805461697,-15.079585314763799,1.0001498323481384,1.0002996871460093,False
3,13.00008859197347,0.01050293588374424,-2.1573508633958793,-22.57364410569061,1.0001498323481384,1.0002996871460093,False
4,14.000024164048375,0.040052747431179675,0.11160049999887546,-10.947212151383546,1.0001498323481384,1.0002996871460093,False
