snr_total_db,runs,correct_k_rate,correct_k_ci95_low,correct_k_ci95_high,mean_frequency_mae_hz_given_correct_k,mean_amplitude_relative_error_given_correct_k,mean_phase_mae_rad_given_correct_k,mean_waveform_rmse,mean_runtime_seconds
-20.0,30,0.0,0.0,0.113517091390478,nan,nan,nan,0.009768810283047488,0.9388730633327214
-15.0,30,0.8666666666666667,0.7031831605558306,0.9469043057578189,7.942898908284659e-05,0.062147240596379216,0.12471278560244793,0.00420373497568899,2.2583614400003476
-12.0,30,1.0,0.8864829086095221,1.0,5.829693276803531e-05,0.04420468067135093,0.09120733346331168,0.002421262356559474,1.6237117233332052
-10.0,30,1.0,0.8864829086095221,1.0,4.933653214225601e-05,0.033921601113499664,0.07456567941506037,0.002036668600006211,1.6061842633336103
-5.0,30,1.0,0.8864829086095221,1.0,2.511437770991165e-05,0.02096688649913298,0.03925720257330027,0.0011075865833640047,1.508927113332902
