snr_total_db,runs,correct_k_rate,correct_k_ci95_low,correct_k_ci95_high,mean_frequency_mae_hz_given_correct_k,mean_amplitude_relative_error_given_correct_k,mean_phase_mae_rad_given_correct_k,mean_waveform_rmse,mean_runtime_seconds
-20.0,200,0.015,0.005114145184492387,0.043166480556278884,0.00019301012966303302,0.21285758596380888,0.19255797111328762,0.010193647497857204,0.9460595959999409
-15.0,200,0.805,0.744558352034882,0.8539455843549424,7.881672604377222e-05,0.06028464159848521,0.11930660159147173,0.004333641953192135,1.5186211369999365
-12.0,200,1.0,0.9811539940816791,1.0,6.065093721176806e-05,0.044489068806899235,0.08633937212826741,0.002475436737530658,1.502808447500247
-10.0,200,1.0,0.9811539940816791,1.0,4.994135788379483e-05,0.03491875751852682,0.06952480003608687,0.002008878141287303,1.452782164999844
-5.0,200,1.0,0.9811539940816791,1.0,2.657844293334488e-05,0.020016176033734547,0.03887444683588628,0.0010955957665807954,1.5245032494999395
