component_id,frequency_hz,amplitude,phase_origin_rad,component_snr_db,condition_design,condition_normal,ill_conditioned
1,3.999998173832588,0.01910292277864388,1.3715551785043911,-17.377862076754592,1.000149904352055,1.0002998311754248,False
2,7.9999285714666994,0.024889351734884123,-2.9890281635544573,-15.079586775341973,1.000149904352055,1.0002998311754248,False
3,13.00008888535092,0.010502919663465827,-2.157736051104041,-22.5736576069794,1.000149904352055,1.0002998311754248,False
4,14.000023485389157,0.04005274094917999,0.1124681434106415,-10.947213644245725,1.000149904352055,1.0002998311754248,False
