max_T,frequency_hz,threshold,any_detected
17.46472810777078,18.527036824096246,25.10408842709352,False
