metric,value
sample_count,40001
residual_std,0.10001364027439694
skewness,-0.010043249967160769
excess_kurtosis,-0.008894670823142103
max_abs_autocorr_lag_1_100,0.012947209986336038
jarque_bera_statistic,0.8043245220496186
jarque_bera_p_value,0.6688722049951739
ljung_box_statistic,102.28432285302377
ljung_box_p_value,0.4178541098890667
ljung_box_lags,100
