segment_id,start_s,end_s,sample_count,detected,coarse_frequency_hz,refined_frequency_hz,glrt_score,threshold,frequency_error_from_2hz
1,0.0,49.99,5000,True,2.000000000001819,2.0001350063285344,301.6280686718984,21.17294608917236,0.00013500632853435945
2,50.0,99.99,5000,True,2.000000000001819,1.9999681594577632,284.5623053480218,21.17294608917236,3.1840542236816205e-05
3,100.0,149.99,5000,True,2.000000000001819,2.0001592790572706,279.7997795885629,21.17294608917236,0.00015927905727064484
4,150.0,199.99,5000,True,2.000000000001819,1.999631048607189,349.4244168618669,21.17294608917236,0.00036895139281090117
5,200.0,249.99,5000,True,2.000000000001819,2.0003257088904713,343.95543020192315,21.17294608917236,0.00032570889047134344
6,250.0,299.99,5000,True,2.000000000001819,2.0000438825873426,296.13747918586375,21.17294608917236,4.3882587342558566e-05
7,300.0,349.99,5000,True,2.000000000001819,2.0009738513284456,268.24396187536195,21.17294608917236,0.0009738513284456296
8,350.0,399.99,5000,True,2.000000000001819,1.9992073824331744,226.41995248136874,21.17294608917236,0.0007926175668255819
