component_id,frequency_hz,amplitude,phase_origin_rad,component_snr_db,condition_design,condition_normal,ill_conditioned
1,3.999998184386351,0.01910292178486528,1.3715422272598201,-17.377862441447455,1.000149832348139,1.0002996871460106,False
2,7.99992873321618,0.024889355670382737,-2.9892360805461697,-15.079585314763806,1.000149832348139,1.0002996871460106,False
3,13.00008859197347,0.010502935883744253,-2.1573508633958793,-22.5736441056906,1.000149832348139,1.0002996871460106,False
4,14.000024164048375,0.040052747431179814,0.11160049999887546,-10.947212151383514,1.000149832348139,1.0002996871460106,False
