snr_total_db,runs,correct_k_rate,correct_k_ci95_low,correct_k_ci95_high,mean_frequency_mae_hz_given_correct_k,mean_amplitude_relative_error_given_correct_k,mean_phase_mae_rad_given_correct_k,mean_waveform_rmse,mean_runtime_seconds
-20.0,10,0.0,0.0,0.2775401687666166,nan,nan,nan,0.009816777756110083,0.2948966300056782
-15.0,10,0.8,0.49015684672072335,0.9433190520193067,8.15604398098635e-05,0.060157259674876305,0.1332692868425804,0.004525084380192842,0.411114249995444
-12.0,10,1.0,0.7224598312333834,1.0,5.655983342540693e-05,0.05098123441656875,0.09094326796011713,0.002519597278144336,0.4369926299958024
-10.0,10,1.0,0.7224598312333834,1.0,4.447829950168236e-05,0.031582575157519985,0.05873953484201905,0.0018627081751048924,0.44733428000472486
-5.0,10,1.0,0.7224598312333834,1.0,2.8746024253445412e-05,0.01743703115216727,0.047783182656326126,0.001100876447618459,0.42955909998854624
