metric,value
mean,4.27425178851214e-19
std,0.09987985926721701
skewness,-0.014283138862953937
excess_kurtosis,-0.0036456526975428005
raw_kurtosis,2.996354347302457
crest_factor,4.203129224792157
jarque_bera,1.3822395662999483
jarque_bera_p_approx,0.5010147269848433
explained_variance,0.11915162017100878
condition_design,1.000149832348139
condition_normal,1.0002996871460106
