half_width_hz,frequencies_hz,bic,condition_design,max_deviation_from_seed_hz,optimizer_message
0.001,3.99999817383;7.99992878539;13.0000885392;14.0000241777,-184169.82880274675,1.0001498113176233,6.922810875664709e-07,bounded coordinate golden-section refinement
0.003,3.99999817383;7.99992857147;13.0000888854;14.0000241272,-184169.82877540358,1.0001499395520157,6.417798612545766e-07,bounded coordinate golden-section refinement
0.006,3.99999817383;7.99992857147;13.0000888854;14.0000247689,-184169.82815390415,1.0001499757387893,1.2835597242855101e-06,bounded coordinate golden-section refinement
0.012,4.00618554946;8.00610091891;12.991240003;14.0061916791,-179192.20118781767,1.0003350663931094,0.008848882330639185,bounded coordinate golden-section refinement
0.025,3.99999817383;7.99992857147;13.0000888854;14.0000234854,-184169.8280022744,1.000149904352053,8.881784197001252e-16,bounded coordinate golden-section refinement
