source,band_low_hz,band_high_hz,power_fraction
preprocessed,0.05,1.0,0.0178025641413308
preprocessed,1.0,3.0,0.10433284330431454
preprocessed,3.0,10.0,0.13074766388258457
preprocessed,10.0,25.0,0.28230676140025035
preprocessed,25.0,49.5,0.46481016727151975
residual,0.05,1.0,0.019025807694561338
residual,1.0,3.0,0.0427900752712986
residual,3.0,10.0,0.13973155157856382
residual,10.0,25.0,0.3017045247337855
residual,25.0,49.5,0.4967480407217908
