parameter,estimate,ci95_low,ci95_high,bootstrap_std,runs,method,random_seed
frequency_hz,2.0000016151638444,1.9999456269955709,2.0000558880241,2.8012220629738724e-05,10000,linearized parametric bootstrap,20260619
amplitude,0.0351903172365603,0.03381561700542315,0.03656246338276348,0.0007069153938662644,10000,linearized parametric bootstrap,20260619
phase_origin_rad,1.573555071867743,1.4953320504674208,1.6550762618633668,0.04082053422882309,10000,linearized parametric bootstrap,20260619
offset,-9.081046186094286e-07,-0.0010128637880780465,0.0009735753393976186,0.0005072065578115377,10000,linearized parametric bootstrap,20260619
