model,parameters,sse,bic
common frequency,25,399.8682652672042,-183955.0672142072
independent frequencies,32,399.82612295519,-183885.10661279445
