window_points_original,window_seconds,downsample_factor,ssa_sampling_rate_hz,selected_component_1,selected_component_2,selected_eigenvalue_fraction,estimated_frequency_hz,estimated_amplitude,correlation_to_harmonic,rmse_to_harmonic,residual_std,target_band_power_fraction
500,5.0,5,20.00000000001819,2,1,0.27725958448911125,2.0000045884143205,0.03410572866628262,0.9821473595513632,0.004685080861639629,0.09977829125956152,0.9998884176547336
1000,10.0,5,20.00000000001819,2,1,0.2693480845373771,2.000002506640903,0.03419669238597473,0.9915259685372292,0.0032448539849280794,0.09990837542116114,0.9999908076836932
2000,20.0,5,20.00000000001819,2,1,0.26527005958902256,2.0000005643115015,0.0341273707928551,0.995588671822433,0.0023920234906544277,0.09996519295466919,0.9999993543421086
