snr_db,runs,sample_count,mean_abs_frequency_error_hz,mean_amplitude_relative_error,mean_abs_phase_error_rad,mean_waveform_rmse,frequency_ci95_coverage,amplitude_ci95_coverage,phase_ci95_coverage
-20.0,200,40001,5.616295445086905e-05,0.04266522135965764,0.07847903402723175,0.002005910278452797,0.945,0.955,0.95
-15.0,200,40001,3.0220063379682306e-05,0.024243778074787965,0.04562087748775631,0.0011436457054924435,0.945,0.975,0.945
-12.0,200,40001,2.1949577493364235e-05,0.015049305037843639,0.03382491868433487,0.0007879834708071565,0.945,0.945,0.96
-10.0,200,40001,1.702969495917195e-05,0.012628053543939357,0.025552299601537588,0.0006244233678258307,0.955,0.96,0.935
-5.0,200,40001,9.459431913712014e-06,0.007287341806574111,0.014060525573673446,0.00034499631921782776,0.935,0.955,0.945
