segment_seconds,segment_count,common_frequency_hz,mean_abs_frequency_deviation_hz,std_abs_frequency_deviation_hz,max_abs_frequency_deviation_hz,amplitude_coefficient_of_variation,snr_min_db,snr_max_db,common_frequency_bic,independent_frequencies_bic,common_frequency_sse,independent_frequencies_sse,bic_advantage_common,common_frequency_preferred
25.0,16,1.999979654192746,0.0012337360180753043,0.0008147891629926971,0.0034776728006646884,0.08035050996761664,-13.391972980977364,-10.570440063699282,-183715.93363205466,-183567.566007083,399.71648757709136,399.61075760522976,148.36762497166637,True
50.0,8,2.0000656620289474,0.0003424477094469969,0.0003584164018126894,0.00090659290270656,0.0657480603678655,-13.213691806133639,-11.235254421744859,-183955.0672142072,-183885.10661279445,399.8682652672042,399.82612295519,69.96060141274938,True
100.0,4,1.9999633829832928,0.00019719809102025643,0.00014616232206699433,0.0003780828010335746,0.05736006696215304,-12.848857197143479,-11.665039863937876,-184067.13220636162,-184040.22696648675,400.0191902766365,399.9703442724558,26.905239874875406,True
