case,separation_hz,phase_difference_rad,runs,successes,failures,success_rate,success_ci95_low,success_ci95_high,not_split_failures,inaccurate_two_source_failures,median_max_frequency_error_hz
equal,0.0025,-3.141592653589793,100,34,66,0.34,0.25461379497543,0.43722454341689065,0,66,0.0007011171772139946
equal,0.0025,-2.6179938779914944,100,94,6,0.94,0.8752303146877748,0.9722142547333433,0,6,0.00031796536606787384
equal,0.0025,-2.0943951023931957,100,97,3,0.97,0.915479219195973,0.9897456617765851,0,3,0.000301597147942978
unequal,0.003,2.617993877991494,100,26,74,0.26,0.18404578126986462,0.35371172631861636,42,32,0.0008333011343903962
unequal,0.003,2.094395102393195,100,49,51,0.49,0.3942183009238615,0.5865215952256586,38,13,0.0003179380318742986
unequal,0.003,-3.141592653589793,100,70,30,0.7,0.6041496156718804,0.7810524613377188,22,8,0.00031831109617641573
