snr_total_db,runs,correct_k_rate,correct_k_ci95_low,correct_k_ci95_high,mean_frequency_mae_hz_given_correct_k,mean_amplitude_relative_error_given_correct_k,mean_phase_mae_rad_given_correct_k,mean_waveform_rmse,mean_runtime_seconds
-20.0,200,0.015,0.005114145184492387,0.043166480556278884,0.00019301956174766488,0.2128703721722717,0.19263962583054142,0.011541714296939953,0.6006042850023369
-15.0,200,0.76,0.69626534544272,0.8139347314797533,7.903676474892371e-05,0.06022648235219491,0.11923421180450211,0.004690032157634944,0.9737098495004466
-12.0,200,0.98,0.9497121344948062,0.9921956998236058,6.0030275950196964e-05,0.044586788571936986,0.08647529610570151,0.0025761939898806567,1.0406102510003257
-10.0,200,1.0,0.9811539940816791,1.0,4.9938989211266714e-05,0.03492061057522557,0.06953155024287833,0.0020088368423268944,0.8407699375011726
-5.0,200,1.0,0.9811539940816791,1.0,2.658174059785301e-05,0.02001648090600412,0.03888141065847266,0.0010956739341975092,0.7876521384977968
