metric,value
mean,7.33839073300396e-18
std,0.099879860269563
skewness,-0.01428295525301601
excess_kurtosis,-0.0036454100986080817
raw_kurtosis,2.996354589901392
crest_factor,4.203019990078568
jarque_bera,1.3822016505535164
jarque_bera_p_approx,0.50102422524855
explained_variance,0.11915160249147161
condition_design,1.000149904352055
condition_normal,1.0002998311754248
