segment_id,start_s,end_s,sample_count,common_frequency_hz,independent_frequency_hz,independent_deviation_from_common_hz,amplitude,phase_origin_rad,estimated_snr_db,residual_rmse
1,0.0,49.99,5000,2.0000656620289474,2.000135084057777,6.942202882953552e-05,0.035894037984616996,1.5742977436816525,-11.922726514044829,0.10016722423846519
2,50.0,99.99,5000,2.0000656620289474,1.9999682482588115,-9.741377013594565e-05,0.03518902194837412,1.560626660770532,-12.182440176647296,0.10130871054628746
3,100.0,149.99,5000,2.0000656620289474,2.0001591082160863,9.34461871389125e-05,0.03473690605692289,1.5705834969298182,-12.245320385532004,0.1008818614171053
4,150.0,199.99,5000,2.0000656620289474,1.999631904707853,-0.0004337573210944079,0.037880217880751244,1.3850448645169284,-11.235254421744859,0.09775140522110459
5,200.0,249.99,5000,2.0000656620289474,2.0003249384815946,0.000259276452647228,0.03823454817774434,1.4765199636082507,-11.305346000839984,0.09946220151825558
6,250.0,299.99,5000,2.0000656620289474,2.000044254698052,-2.1407330895506504e-05,0.03544429810902682,1.52701747241921,-12.011302015667589,0.09991265149732716
7,300.0,349.99,5000,2.0000656620289474,2.000972254931654,0.00090659290270656,0.03359314170742065,1.4352810087820302,-12.432192994112297,0.09973121575226428
8,350.0,399.99,5000,2.0000656620289474,1.9992073963468195,-0.0008582656821278789,0.03097274307486361,1.423161780322771,-13.213691806133639,0.10061140774316138
